Date,Close,High,Low,Open,Volume,SMA_10,SMA_20,RSI,MACD,MACD_signal,BB_high,BB_low,BB_width,Momentum,Next_Close,UpDown
2016-02-19,0.1211715597037743,0.09958640596730421,0.15336179759932733,0.07256863601850008,0.2330150068212824,0.038678367101097066,0.08357871151256457,0.4198554624715317,0.20375353773208937,0.13480972155476645,0.12173712443188833,0.07355900117183634,0.6544330811052625,0.47881988254917707,7234.5498046875,1
2016-02-22,0.13318014028816932,0.11279385217433463,0.17958871677369226,0.09232276400139532,0.12960436562073668,0.029878927442481995,0.07781253470221206,0.4465876868611288,0.23966678283749027,0.14168576976077457,0.11362855714725129,0.0699811688889973,0.6476486232257523,0.5659407415918647,7109.5498046875,0
2016-02-23,0.07010934652498421,0.10726285861979838,0.1268953631813612,0.10854356780116663,0.23874488403819916,0.01900783637752479,0.06779002275798263,0.33893948343179636,0.23863006798191727,0.14694193059566069,0.10475678110335096,0.059486701577319945,0.6548092020651248,0.3664964388867268,7018.7001953125,0
2016-02-24,0.02426969071413153,0.029258004329284062,0.0881177516816356,0.023286948484737568,0.253206002728513,0.007655594101739105,0.054930468511530606,0.27106928136054964,0.21770388492159032,0.14620801717060833,0.09732594031149411,0.04278571166071954,0.6783407152908107,0.22154094294407845,6970.60009765625,0
2016-02-25,0.0,0.0,0.06495658084504896,0.0,0.48076398362892225,0.007324246928715361,0.040996854824908446,0.23731898212493752,0.19275970604179687,0.13973374684707313,0.09048435603981986,0.02369921729649782,0.708228757279124,0.14479461944728,7029.75,1
2016-02-26,0.02984505033468164,0.009666429067588304,0.07630969695240264,0.00487387191133193,0.2723055934515689,0.010136364724773195,0.024615919985328638,0.3125569894707442,0.19336758284466132,0.13469779715033459,0.05875633832052962,0.0206521672305624,0.6574064266463652,0.3458966986774522,6987.0498046875,0
2016-02-29,0.008299968637062612,0.03122248764215564,0.0,0.010624904772757576,1.0,0.0,0.007157838983416376,0.2794444405025317,0.18700285457968202,0.12916688156382194,0.02342382471253135,0.01864776456714301,0.5977322142792201,0.35388759722545027,7222.2998046875,1
2016-03-01,0.1269992024993773,0.10405779513440154,0.10026122131255288,0.004332414534730768,0.4589358799454297,0.010029723608455221,0.0,0.5353411150705022,0.24889045343716615,0.1393483999043505,0.0,0.025143457759814858,0.5408287283436581,0.9370544789512291,7368.85009765625,1
2016-03-02,0.20094354892950897,0.1789350748739987,0.23106040228269276,0.15052741726090574,0.6319236016371078,0.025035422999303947,0.0002163552491154519,0.6556313082295581,0.340045915963442,0.16900744889764552,0.000822174243438667,0.024853650397794524,0.5429630292856126,0.9882111926358889,7475.60009765625,1
2016-03-03,0.25480600680326926,0.23248901524941845,0.27795744019954594,0.20615297052331236,0.4684856753069577,0.04139245385513668,0.002413576986394439,0.731500452169915,0.44254817930953216,0.2169265099538243,0.011227509544092129,0.020227423533478728,0.5720988067836907,0.9964773973818526,7485.35009765625,1
2016-03-04,0.25972552871679777,0.2438354649941844,0.2961846905785839,0.24527414742499254,0.4769440654843111,0.057216447954365535,0.002298499189233638,0.7382627770576543,0.5270722039582663,0.2752104904713427,0.01061927521665762,0.02052151489642462,0.5703432406065587,0.9784786666426754,7485.2998046875,0
2016-03-08,0.2597001525771193,0.2548202155757303,0.2952504875678956,0.2354745244304307,0.409549795361528,0.07166606597798619,0.005307393998701393,0.7382070391488081,0.5939508981355166,0.3376218868925195,0.024134133552323078,0.014787524379272998,0.6075770121337438,0.9482338101240533,7531.7998046875,1
2016-03-09,0.28316248785702436,0.2609458799108296,0.28669974659100106,0.20953141271266382,0.3770804911323329,0.09599847359702451,0.012475961589248463,0.7736500268184118,0.6585762123576946,0.4028033900585426,0.0521389701979329,0.00456015200807558,0.6810643927944591,0.9991385031299587,7486.14990234375,0
2016-03-10,0.26012908324876693,0.2651330588491857,0.2977653976257115,0.26587924493139214,0.321418826739427,0.1229355412415103,0.020775363330049146,0.7185084170248425,0.696284550882227,0.4638482342041531,0.07566919649022186,0.0,0.7338710351824683,0.922738231247382,7510.2001953125,1
2016-03-11,0.27226405179097657,0.26350478159731205,0.3040886936174334,0.2346751822381835,0.2504774897680764,0.15403031809750622,0.037157841530710556,0.7388000597896976,0.7309413720845175,0.520863554709889,0.09802581864222226,0.010722583964673404,0.7506753711817902,0.9569754160611447,7538.75,1
2016-03-14,0.28666932253837263,0.28405272680279137,0.3301717633046741,0.26446087844533717,0.16371077762619374,0.18336174610956224,0.05427527427212109,0.7633194624714209,0.7640045955380962,0.5742791472150347,0.11932704576095876,0.023611484928175663,0.760763098344841,0.9486054395327691,7460.60009765625,0
2016-03-15,0.24723751155168683,0.26415094339622647,0.30035211547628693,0.2609794334341117,0.23683492496589365,0.21065036365042733,0.06340937962863169,0.6619976189568476,0.7671724905592807,0.6177592842416721,0.13366014180966435,0.02806040744259164,0.7769123247197599,0.8427263755182717,7498.75,1
2016-03-16,0.26648666853415326,0.24492106729775165,0.2775263595413846,0.22033663538386172,0.2414733969986358,0.2265809707284765,0.07723405899424307,0.6985950546938725,0.7776955501642716,0.6550269681284868,0.14692889490465966,0.04169166516725564,0.7707784253614521,0.8944126327145198,7512.5498046875,1
2016-03-17,0.2734495856174938,0.2848796119798399,0.3130943732162077,0.2720941682522132,0.36207366984993183,0.23486175189181768,0.08963483042904485,0.7120356657145465,0.7874097450606538,0.6871337872706342,0.16089732483108854,0.052227139516948906,0.7727756907637016,0.9111492907235345,7604.35009765625,1
2016-03-18,0.31976892437935006,0.2995088665514346,0.3315370469735237,0.26036040914030434,0.35607094133697137,0.24228104728779432,0.10229645985483327,0.797011621379062,0.8170456723095287,0.7198136937242817,0.1840567417003287,0.055699719980881746,0.807105715849447,0.9974484227506148,7704.25,1
2016-03-21,0.3701750534808304,0.3511758125484625,0.3793444299373472,0.3039688825704868,0.24529331514324693,0.25489528447333765,0.11744069796122414,0.8767029306236523,0.8640980474963885,0.7570625705392395,0.21682517775728183,0.05570371242572136,0.8665606825910406,0.9954298205882097,7714.89990234375,1
2016-03-22,0.37554863583539594,0.35874903075730175,0.39184693853206154,0.34334769244717317,0.27830832196452937,0.26812612678368186,0.13218139958905528,0.8847659490189023,0.9006128688151824,0.7954796285495672,0.24691832321950802,0.05718309151139733,0.9178908444294307,0.9769921211475581,7716.5,1
2016-03-23,0.37635599126962244,0.35805112553308377,0.4046850959300654,0.3546432488449957,0.2529331514324693,0.2787695854921708,0.15080713064585982,0.8860520741987913,0.9260579106825233,0.832218624498608,0.2691549907431714,0.07197855454832469,0.9254503870536965,0.9723156775831315,7615.10009765625,0
2016-03-28,0.3251930126429839,0.3697077834227193,0.36497351532125677,0.3667895229256832,0.3697135061391542,0.2862004172622088,0.16910910050953198,0.7267269502019044,0.9152503162688418,0.8590590932029407,0.2690574678518285,0.10448641222988009,0.8532231079367947,0.6089193784332041,7597.0,0
2016-03-29,0.3160603124320172,0.3198240925465236,0.3623627056053582,0.2974441952621222,0.2998635743519782,0.2912023076799919,0.18833169275049233,0.7003379774099899,0.8982330333103223,0.8765151756040666,0.2539765796280964,0.15089303898596462,0.7230008173867437,0.5549309415286692,7735.2001953125,1
2016-03-30,0.3857914805647103,0.3658568105453603,0.3916794649828246,0.32042188344059647,0.34297407912687583,0.30252286713335685,0.2099801339460603,0.8299369713552133,0.9179561652043604,0.895134948429035,0.2484183605690875,0.19380120783634647,0.6178129754303339,0.9671504039052675,7738.39990234375,1
2016-03-31,0.3874059450628747,0.38428529456901,0.4197266064479188,0.3599039479797976,0.7454297407912689,0.3185312462550751,0.23303712438206148,0.8326568627565748,0.9304714957492257,0.9129845419247566,0.21715304717657524,0.260252687942089,0.41379398849191273,0.9014327163976313,7713.0498046875,0
2016-04-01,0.37461513881364344,0.36492618611075195,0.4025294587376518,0.3549525091512595,0.21009549795361526,0.3308804000746992,0.24809697210386794,0.7916689542489753,0.9296328177840478,0.9270662781854377,0.20744875372707483,0.2948815625259851,0.31943260036913734,0.8315442975674098,7758.7998046875,1
2016-04-04,0.39769904933096917,0.3774877229258206,0.42087623283688513,0.3627406809519071,0.13260572987721692,0.34507070291943087,0.2600635196475327,0.835022499110072,0.9371790639844056,0.9401126760989862,0.2154234607193617,0.3095550061570549,0.30138187029024077,0.9576737983227779,7603.2001953125,0
2016-04-05,0.3191887223507866,0.36293595728870515,0.3654284539431365,0.36436530492235136,0.26439290586630293,0.34500443911232637,0.2639792364890834,0.6081162238127086,0.8978612947165461,0.941270306942707,0.2149125161492922,0.3169113317348611,0.28415014028009344,0.5286967262309954,7614.35009765625,1
2016-04-06,0.324814587880405,0.312457848038899,0.36691349523378713,0.31265939938525705,0.1601637107776262,0.33982390372158644,0.26793791271142275,0.6205374972333545,0.8664549076535895,0.9347841097197599,0.2145725727480805,0.32420376746211765,0.26737032578365283,0.5594362151072423,7546.4501953125,0
2016-04-07,0.2905545819823002,0.30837415595115003,0.3401357377794598,0.3097453513365812,0.3478854024556617,0.33011688907435843,0.26981445997773257,0.5336857815184828,0.8206606277006948,0.9187871265697332,0.21271127660949585,0.32905262356932585,0.25324570366658555,0.21356625514614058,7555.2001953125,1
2016-04-08,0.2949695375457234,0.27663473886986323,0.3357526556018735,0.26433193603751415,0.09959072305593453,0.3208218918060881,0.27053255741928783,0.5447877970005096,0.7844239790028511,0.897437235724512,0.2123878476083645,0.3305897778414586,0.24925184396398853,0.13016634574950814,7671.39990234375,1
2016-04-11,0.3535999996058073,0.3332125145386408,0.33103415852260243,0.2826158183624564,0.1989085948158254,0.32406620156696064,0.27621740059904276,0.6803386093615235,0.7845571623645257,0.8803887559948416,0.2136118209796063,0.33966023925704025,0.23136920817645346,0.5912945146897755,7708.9501953125,1
2016-04-12,0.37254661387444116,0.3531660413705093,0.4012121248978433,0.32978305188043117,0.1541609822646658,0.3305173982167524,0.28231652384857764,0.7192129680403939,0.7923456169755178,0.8685881453438258,0.2178815502034519,0.34697103265533613,0.22291372884740573,0.7391654423147046,7850.4501953125,1
2016-04-13,0.4439427524143673,0.4293613902171109,0.453354640210212,0.3854345447287863,0.3096862210095498,0.33715874807606383,0.29188179634223665,0.8463696866071261,0.8335844181236943,0.8688805319673581,0.2407115955750676,0.34522706145542603,0.2682080019183403,0.9671583837476241,7914.7001953125,1
2016-04-18,0.4763611404086443,0.4582062043648232,0.4871501475217421,0.45300036642813146,0.21200545702592088,0.3473181574114603,0.3058169533899404,0.8951587811855076,0.8800934777608119,0.8800911636229392,0.264785247777537,0.35020759140888913,0.3008548459144301,0.9945002137936426,7914.75,1
2016-04-20,0.4763862701780346,0.47361060068816285,0.5038203149157652,0.474611063611168,0.26848567530695777,0.3589412512401955,0.3185829170216703,0.8951966277337383,0.9131918537692045,0.8968713014925104,0.28569535689221137,0.35570664786255524,0.32661165071048237,0.9250716931612292,7912.0498046875,0
2016-04-21,0.4750238424846345,0.48811062289997476,0.5069581049479077,0.4764678846519501,0.3186903137789905,0.36777237372123217,0.33084253834589283,0.890555865835483,0.9346774843429575,0.9153662905225048,0.3020134973601518,0.3640682101822392,0.337691110824343,0.8617987382807407,7899.2998046875,0
2016-04-22,0.46859062152078956,0.45962776032243524,0.5018085272104753,0.4445674825883674,0.20845839017735335,0.3848352899820968,0.3398937816948111,0.8674418919701595,0.9441572726114356,0.9323996308702153,0.3177716988556156,0.3672035147603765,0.35933792814101917,0.8334366582990204,7855.0498046875,0
2016-04-25,0.44626356052862204,0.4532436312677699,0.47960541734829487,0.4461147914822463,0.10750341064120056,0.39870575389036844,0.3445214375176784,0.7876543640151196,0.9357768448720796,0.9440484169205497,0.32713465372973527,0.3677370537028555,0.3751460440183817,0.7350035571859911,7962.64990234375,1
2016-04-26,0.5005549490740295,0.4860686506526235,0.47747363811959964,0.4117387959247149,0.2605729877216917,0.4226895097752905,0.3521242439834502,0.8897352110780073,0.9537314247861248,0.9576049521797034,0.34858755732386193,0.36364345320778035,0.4231489732220076,0.9743574846971659,7979.89990234375,1
2016-04-27,0.5092587186133495,0.4945979863982941,0.5339992356095546,0.47045921881551833,0.2725784447476126,0.44716308322033527,0.3602073054592232,0.9046059796247191,0.9681760552846181,0.971859294649172,0.3699495619077977,0.3604752070492596,0.4689359986774375,0.9854665061619354,7847.25,0
2016-04-28,0.4423280415459143,0.4951149158374262,0.4831742880385992,0.483559717082225,0.5064120054570259,0.4572965497828445,0.36733138529198683,0.6869258964084447,0.9399902658549847,0.9766105682278992,0.37410636403283526,0.3696945097463127,0.45604558056014755,0.6966940896988452,7849.7998046875,1
2016-04-29,0.4436145871905681,0.4418969291160513,0.4612586432490615,0.4200427373566559,0.37326057298772175,0.4654130923720565,0.37508915719763447,0.6897297458521682,0.91454682480904,0.9744066153640626,0.37604688704727174,0.381851179410611,0.43262298243078423,0.7022043238679153,7805.89990234375,0
2016-05-02,0.42146417369499495,0.41126885984750555,0.4557975085736632,0.4089280025385535,0.10750341064120056,0.46284585521856236,0.3772587482763239,0.6236525140958874,0.8792350916903303,0.9643094404439664,0.37794125846978854,0.38414431937318305,0.43097812888797127,0.6073348057831618,7747.0,0
2016-05-03,0.39174526494783973,0.4425173454057896,0.4356064203183774,0.4100109172917558,0.21718963165075034,0.4531820316303179,0.37752266302129733,0.540605700186776,0.8326199667041012,0.9452299453962699,0.37804249270921186,0.3845290466945208,0.43030912701737833,0.4800496627129943,7706.5498046875,0
2016-05-04,0.37133545753795777,0.3695010621284573,0.4174512116337046,0.3580987542702731,0.253206002728513,0.4411843714320778,0.37732319483955123,0.48696208611176095,0.7825683682005413,0.9181535433247936,0.3780737159837324,0.38415005868530105,0.43120577463995446,0.11765732492402059,7735.5,1
2016-05-05,0.3859427519216266,0.38425929665288167,0.4220499510911746,0.3616318266127562,0.2133697135061392,0.4310105838353513,0.3766081841201592,0.5287648319302596,0.7487823374688843,0.8885184939689708,0.3777382203935957,0.3831578659090873,0.43279605446443636,0.11593742079773539,7733.4501953125,0
2016-05-06,0.38490848945202566,0.36428002431183754,0.40839758220588873,0.3547462516668702,0.1547066848567531,0.4214534013634248,0.3806052196082197,0.5257827807537402,0.7199115882198706,0.8579965949651016,0.374113586535854,0.3932075973174092,0.40394435802037365,0.16307137356852253,7866.0498046875,1
2016-05-09,0.4518137903797823,0.43393626623481535,0.444420534502592,0.3741392401716041,0.1465211459754434,0.42208728291181963,0.3883292323632146,0.7018338305046029,0.7308960991860536,0.8361715583458575,0.3748105535351254,0.4063226088476153,0.3761410534995452,0.5971724599396322,7887.7998046875,1
2016-05-10,0.4627881084945764,0.44595487569462455,0.4847311371220093,0.4351546868172755,0.1503410641200546,0.4177740014754745,0.3988043686588556,0.7267475834547114,0.7436115544398925,0.8217125362316468,0.367276700201157,0.4310511054897672,0.30766145718801663,0.6683770334151838,7848.85009765625,0
2016-05-11,0.4431353969801408,0.4439906447887052,0.45752206510791504,0.3996182095893361,0.2924965893587995,0.4102221784652871,0.40781572436506064,0.6623583180786558,0.7414559227159179,0.809636562372725,0.35178609724338106,0.4597005918265493,0.2160525375146629,0.5408645149711447,7900.39990234375,1
2016-05-12,0.4691456937799632,0.4558540239726028,0.4904554111031221,0.43407177206407316,0.12496589358799454,0.4132849732284374,0.4148431418450276,0.7252914574496386,0.7516514867724293,0.8023820644874015,0.34945498151388676,0.4740605865202374,0.17999489317440165,0.7096268991330495,7814.89990234375,0
2016-05-13,0.4260052708459446,0.4377357480938231,0.45910300605664833,0.4389972713066628,0.19809004092769444,0.41127384557966806,0.418094464217031,0.5906739991623656,0.7350964986361035,0.7926712810025411,0.3450178013257297,0.48345430939722256,0.1511226704450886,0.4297192654705362,7860.75,1
2016-05-16,0.44913968727233855,0.4340654985945986,0.45333054834488884,0.41331204440454145,0.26821282401091406,0.41443461510984214,0.41841053857293087,0.6490677813513283,0.7325728553084383,0.7843070426853853,0.3453942609044809,0.48370611493074467,0.15124771845778018,0.5798220998349348,7890.75,1
2016-05-17,0.46427667777550297,0.4682863284278882,0.5048504175845356,0.4471722703307799,0.20873124147339706,0.4227182944354473,0.417675569048094,0.6860634984952315,0.7368717207662193,0.7786302382853343,0.34349266113508214,0.4839608011594523,0.14723246146980157,0.6780353046287992,7870.14990234375,0
2016-05-18,0.4538825616892723,0.4382784230421304,0.47182117193124595,0.421332161434887,0.13506139154160984,0.43214584745542606,0.4163069074503749,0.6519033219746825,0.7330604149786477,0.773189278718887,0.34027068179601017,0.4841737480925259,0.14091366543922218,0.7350973401001932,7783.39990234375,0
2016-05-19,0.4101114308176215,0.4352545877487725,0.45076768845803183,0.43616053833455276,0.17326057298772168,0.43490610784320616,0.4123589748192549,0.5195707006621371,0.7054120611734351,0.7623111522279222,0.3357323742724576,0.4808944001139883,0.13994648225805356,0.39478587731495274,7749.7001953125,0
2016-05-20,0.39310769264123985,0.40227433808800733,0.43589388539102014,0.3931970287841257,0.13669849931787176,0.4358425237669703,0.4077681498851149,0.4731425807482239,0.6734586673044842,0.746067248659094,0.33269024344061027,0.47525096539735046,0.14693411624998826,0.262585340194045,7731.0498046875,0
2016-05-23,0.3836973331155418,0.4065132604516674,0.42940311585006175,0.4044150182647425,0.17762619372442018,0.4280630684003155,0.4039629107256566,0.44751540177215043,0.6424838232954717,0.7257616734882125,0.3328310947026818,0.46839340036304034,0.1623887987586941,0.1894217469362941,7748.85009765625,1
2016-05-24,0.39267876196959267,0.37598842562677665,0.42633713361067826,0.3652679017771134,0.10941336971350613,0.4200560088146901,0.39740194791048467,0.4775333259468434,0.6222862159065118,0.7047503242699138,0.319493302279807,0.4676887519058539,0.139746920965437,0.25925049319797866,7934.89990234375,1
2016-05-25,0.48655323285860264,0.4688550012923238,0.4711264841641598,0.40330591208495087,0.18908594815825375,0.42501468003599197,0.3960210143445515,0.7282840642192617,0.6553400459718938,0.6957423640382107,0.3119391274429182,0.47142692580263823,0.11775332930685589,0.9848929002480533,8069.64990234375,1
2016-05-26,0.5545435485353158,0.5421554947983978,0.5378076215434606,0.4871960440872225,0.42946793997271493,0.43476781204196513,0.4028458919046978,0.8542706041831224,0.7161465673847077,0.7028870988043224,0.34565513544545645,0.45591458974706445,0.21331816286223465,0.9721733808432049,8156.64990234375,1
2016-05-27,0.5984408209944931,0.5841302662186612,0.5993868971127654,0.5426412794511888,0.42019099590723064,0.4544613592386648,0.41226232745054503,0.9209785574002628,0.7853523777302116,0.7249363272750957,0.39028740051495703,0.4360564087918464,0.33832448938183957,0.992215005661159,8178.5,1
2016-05-30,0.6094656450183555,0.6026362391767897,0.6347153955439873,0.5862495010407318,0.38335607094133695,0.472771892147958,0.42369646037328224,0.936836757865302,0.8430887475460891,0.7562022186567181,0.43087675022081307,0.4230833717609146,0.4407340587671188,0.9639109139145317,8160.10009765625,0
2016-05-31,0.6001816734504726,0.6096662776234172,0.6268113925051377,0.6086079130847579,0.9934515688949523,0.48829335187181755,0.4363734335053593,0.9050278063848677,0.8805169217339128,0.7900484510717061,0.46073927933248715,0.42109498757127817,0.4993316675855567,0.8991506671611575,8179.9501953125,1
2016-06-01,0.6101973647741243,0.6105709041418972,0.6444157629098481,0.5927998760944051,0.23874488403819916,0.5061457781809064,0.4509008666062373,0.9213447945571837,0.911741888680547,0.8244949214750298,0.4869300236099585,0.42539156885663054,0.537336231291783,0.9367417923794238,8218.9501953125,1
2016-06-02,0.6298754524282374,0.6178856576311709,0.6366076595290813,0.5812980622121937,0.20409276944065485,0.5312446231000472,0.4657367022098722,0.9532327962952843,0.9428247028184493,0.8593880324203291,0.515136929122832,0.42858386209992094,0.5814469975833356,0.9884172068019327,8220.7998046875,1
2016-06-03,0.6308087030797022,0.6346858644029466,0.6630020522526832,0.6273564413910168,0.7424283765347885,0.5583920185399096,0.4806922007416494,0.9547729105716601,0.9635989599748096,0.892205506847584,0.5382849492783315,0.436130123678403,0.6067274481684611,0.9320513421314034,8201.0498046875,0
2016-06-06,0.6208435176651188,0.6205737916774365,0.6516012202178936,0.6183561605887025,0.17653478854024557,0.5854760483349315,0.4909724839547005,0.9131863112945605,0.970337171037128,0.9200497888506585,0.5586660657286249,0.43765808367273795,0.6403258321410062,0.8949227028188494,8266.4501953125,1
2016-06-07,0.6538423540582478,0.6517187903851126,0.6661400761864309,0.621863293345237,0.3683492496589359,0.6153030620941395,0.5025922847139777,0.9724602302198891,0.9885622128884602,0.9466265532869538,0.5847889231223196,0.4368584118458827,0.689502522150902,0.9589751043405974,8273.0498046875,1
2016-06-08,0.657172294872714,0.6485914682411477,0.6832172323732921,0.6476260871645642,0.1839017735334243,0.634789151520228,0.51560987613838,0.9782293066814124,1.0,0.9705874262845471,0.607970101853927,0.44094387962439985,0.7225136363779892,0.9706760419018406,8203.599609375,0
2016-06-09,0.622130063309773,0.6405528116115277,0.6509067663524122,0.6413592846718456,0.1855388813096862,0.6425080831293117,0.5249142906410533,0.829208367654593,0.9858404628116546,0.9864142960232315,0.6215611320727907,0.44630212524929824,0.7353008393031499,0.8475426331207014,8170.0498046875,0
2016-06-10,0.6052019608118491,0.636546608458258,0.6404878532557468,0.5933413334710067,0.20545702592087312,0.6432802604789458,0.5358129222206998,0.7633007888297793,0.9612991813441589,0.9932837410814935,0.6282199709869358,0.4601607641426746,0.7166681767097102,0.7880596929140555,8110.60009765625,0
2016-06-13,0.5752056391202507,0.5639957636017063,0.5930876929863667,0.5531113022301752,0.17135061391541612,0.6393674881849947,0.5434801752496989,0.6546169125990203,0.922041570830433,0.9895140078627211,0.6309045014671018,0.47154789592067115,0.6963013059483137,0.6197303787298727,8108.85009765625,0
2016-06-14,0.5743226480075665,0.5690100801240632,0.5957703104950247,0.5696932455081078,0.10532060027285128,0.636414176425431,0.5501731029294028,0.6514875025839167,0.8869889401174255,0.9782253600814648,0.6333338091140757,0.48141764997423575,0.6788344015437693,0.45793621907213367,8206.599609375,1
2016-06-15,0.6236437623600894,0.6094598087361074,0.6214702493531452,0.5722720936645709,0.17162346521145977,0.6379498647754067,0.5604978739002373,0.7797307987270202,0.881992578275601,0.9680152376936684,0.6399754308157268,0.49427360096192174,0.6623928495692396,0.6168629232552492,8140.75,0
2016-06-16,0.5904182653018737,0.5926336040482034,0.5981416049673216,0.5935475909553956,0.22455661664392912,0.6334435319672789,0.5714640237811865,0.6621641692599279,0.8572560693868194,0.9540090129267262,0.6339738171977602,0.5186175748280597,0.5975460138560201,0.32421835733370363,8170.2001953125,1
2016-06-17,0.6052778428605958,0.6001808243409152,0.6275299382359423,0.5914845124302246,0.16289222373806278,0.6305276993546638,0.5843680807695089,0.7004663522852083,0.8425851309949053,0.9393415073451266,0.6207807299121733,0.5522831894502671,0.4989885911534363,0.4550990065179843,8238.5,1
2016-06-20,0.6397396260246843,0.6254588758400103,0.6139016612159796,0.5600741922526262,0.16834924965893588,0.6326857891539683,0.5999404142749745,0.7829136646285405,0.8462606836352591,0.9284749794780751,0.5991229869708583,0.5976069501003076,0.35923155699738674,0.7586325716371742,8219.900390625,0
2016-06-21,0.6303548890089533,0.6322304495670722,0.6593138917437877,0.632101622735166,0.08212824010914055,0.6300033289473541,0.6143957289594821,0.7480833426391859,0.8412444571075781,0.9185978647062254,0.5573757793078853,0.6573997245665106,0.15094975030395097,0.6759733931922424,8203.7001953125,0
2016-06-22,0.6221808155891291,0.6224602812419231,0.6358891137982767,0.6105682406286952,0.07967257844474762,0.6260070164227036,0.6226445144504371,0.7171470672673858,0.8301113197242345,0.9080686126032858,0.5350495056377849,0.6902947477218424,0.037526567557682744,0.6039775352051073,8270.4501953125,1
2016-06-23,0.6558606194586699,0.6468851972408894,0.6526790388141004,0.6041211202375363,0.12878581173260573,0.6298593212340782,0.6288065558862055,0.8009820869033267,0.8362901860767028,0.9011035010037636,0.5362396703542105,0.7002384048793955,0.01764723216911107,0.9006235587831806,8088.60009765625,0
2016-06-24,0.5641051794179301,0.5513052468338075,0.5275323240323142,0.515382804069241,0.5203274215552525,0.6251657333786955,0.6267182834540259,0.5107280533753583,0.7900957946386566,0.8846289550154744,0.5405237105957443,0.6930307936306539,0.041396266284099925,0.433576842640924,8094.7001953125,1
2016-06-27,0.5671830834276312,0.5616178377003107,0.5813275880861748,0.5206694427899918,0.15170532060027286,0.6242494920407884,0.6241466842737688,0.5192128336716472,0.7531918961526243,0.8627395345671284,0.5432575635277628,0.6862360194733315,0.06141721513196019,0.4584254835914866,8127.85009765625,1
2016-06-28,0.5839094086595706,0.5749030252487726,0.6040815362283181,0.549913429779904,0.17326057298772168,0.6253443783516506,0.623157015218184,0.5661836277596622,0.7311542533183573,0.8400268376458324,0.5438146437639109,0.6840263848145964,0.06732555742368262,0.5577401447489847,8204.0,1
2016-06-29,0.6223320869460454,0.6090463661475833,0.6379968011616488,0.5896536309753919,0.10941336971350613,0.6251945743138467,0.6238950414970086,0.6656514810007023,0.7324079155032858,0.8221525601339023,0.5447722888988356,0.684549974394395,0.06790288271535233,0.7758190433581077,8287.75,1
2016-06-30,0.6645895187673797,0.6585423599444303,0.6784507854649799,0.6346029039744233,0.47066848567530695,0.6336655368242052,0.6260063294886207,0.7599324232398311,0.7539091036331185,0.8129276886373764,0.5520991065186944,0.6822920136257657,0.08620315717643517,0.9545390583772004,8328.349609375,1
2016-07-01,0.6850747154854321,0.6836649287606623,0.7103306386309085,0.6618354397704226,0.15989085948158255,0.6427789909572548,0.6293067547175637,0.8014742007244279,0.7795960518699981,0.8116102339231583,0.5647743208539193,0.6777620217253828,0.11924471550932131,0.9416388248221025,8370.7001953125,1
2016-07-04,0.706443396056745,0.7052209873352292,0.7371802038779949,0.6946900660200245,0.12905866302864938,0.6503971059120461,0.6345128862483991,0.8431392931351901,0.8087336327444157,0.8174331052867331,0.5837709021839048,0.6714330222880607,0.1677447673278203,0.9490589727939872,8335.9501953125,0
2016-07-05,0.6889097153905795,0.6964331868699921,0.7157435895756605,0.6960051778435642,0.08758526603001365,0.657084544992605,0.6366456614224507,0.781156586734081,0.8198149155258976,0.8247067243255761,0.5916060601966979,0.668796931165204,0.1878055974311177,0.8733654608664154,8337.900390625,1
2016-07-07,0.6898937183214003,0.6863530628069271,0.7146657709794537,0.6767670713326027,0.13260572987721692,0.6648179111380115,0.6386357581089275,0.7833278999175434,0.8263469283262881,0.8320672566376858,0.5987203553875071,0.666498241835705,0.2058104849961508,0.8776134358922517,8323.2001953125,0
2016-07-08,0.6824764944267346,0.6818814212328766,0.700222814668999,0.6808932283829437,0.08458390177353342,0.6678576612905376,0.6423059906339557,0.7550618101594165,0.8248287528977647,0.8375973740137606,0.607205364052966,0.6660542033621697,0.22219211976042158,0.8455930212383135,8467.900390625,1
2016-07-11,0.755487343835113,0.7449210672977519,0.7574669578897586,0.7135670330528247,0.1170532060027285,0.689715066473573,0.651446254450704,0.9071750327868086,0.8592537455539573,0.8501461986545811,0.6365736732131886,0.658204006308547,0.2928849862091769,0.9957385192523749,8521.0498046875,1
2016-07-12,0.7823047496988736,0.771465192071595,0.7920291946627396,0.759599472645699,0.20927694406548436,0.7142837165233775,0.6640418939521835,0.9521641194990854,0.8971907327340277,0.8691388639351958,0.6684324200290588,0.6544371159256297,0.35904694160009076,1.0,8519.5,0
2016-07-13,0.7815227704043252,0.7836907752326184,0.7989030950328191,0.7791216553988968,0.2417462482946794,0.7368527752984733,0.676643676929813,0.9490091372469037,0.9229544419368534,0.8904135551949837,0.693643558388275,0.656123818325959,0.40105837316272097,0.958839488508362,8565.0,1
2016-07-14,0.8044805393341249,0.794624034795813,0.8023283501376044,0.7663820447697106,0.12824010914051842,0.7576556152048619,0.6876420575844202,0.9878603753636482,0.9513528838312886,0.9141356972528576,0.7241700153712811,0.650617661941129,0.4686575688817405,0.9993053906530985,8541.400390625,0
2016-07-15,0.792572970567866,0.8067198807831487,0.8068070980716682,0.7920158961812146,0.3132332878581173,0.7722723699648766,0.6999369814203753,0.9364107446148567,0.9631840647815799,0.935905718235774,0.744981160692161,0.6553631414141092,0.49590501280875876,0.9107893288267278,8508.7001953125,0
2016-07-18,0.7760735523713019,0.8027394231390542,0.7992862258619393,0.7912936172248929,0.15661664392905866,0.7826651798437716,0.7103246705774433,0.8661112083507397,0.9594891774038947,0.9524496951829706,0.7593103925965172,0.662036367252357,0.5071172885677544,0.8354547810442661,8528.5498046875,1
2016-07-19,0.7860889973246651,0.778417993990696,0.7908316184447317,0.7656340780680803,0.16643929058663032,0.791761357553229,0.7192255486015569,0.8875244436321198,0.9575951233762856,0.9652378561956562,0.7751643861404052,0.6648268203503598,0.5297022642724514,0.8538906503249115,8565.849609375,1
2016-07-20,0.8049092236354839,0.7938486406371162,0.808004674289676,0.766227414616579,0.1457025920873124,0.8050094481496686,0.729841835007778,0.9269254445035079,0.9617569773581436,0.9764506348299176,0.7928775631543763,0.6691344881131451,0.5522982902468125,0.9252219490381668,8510.099609375,0
2016-07-21,0.7767796496171037,0.8017833056022229,0.8036456839774129,0.8009129223210135,0.11759890859481581,0.8149325306418058,0.7392444402402427,0.8037819658045925,0.9459625954813295,0.9816931851932877,0.8017121698988934,0.6785610172779233,0.5474372360402271,0.7264397852916729,8541.2001953125,1
2016-07-22,0.7924719587497294,0.7830188679245288,0.7971067307058073,0.7683937478042643,0.09904502046384722,0.8274949104190705,0.747553057195268,0.8409802775316687,0.9377239660304411,0.9839428054336068,0.8134674768944246,0.6836578695560691,0.5574725630560756,0.830376853978809,8635.650390625,1
2016-07-25,0.8401283490653083,0.8306798631752396,0.8102323531764544,0.768548377957396,0.11759890859481581,0.8371616040320813,0.7643406152355725,0.94001249751151,0.9522833968978591,0.9891787102172841,0.8222505914776006,0.7062114515524582,0.5234233115226077,0.993533451995785,8590.650390625,0
2016-07-26,0.8174228633105615,0.8326183485719828,0.8389503244449168,0.8272428612622508,0.13069577080491135,0.8411723792305539,0.7795600434964101,0.8449463209538902,0.9475914288726444,0.9922600706461826,0.8191457361582639,0.7357198077200273,0.4523868091851696,0.8536217726892076,8615.7998046875,1
2016-07-27,0.8301124113713679,0.8430084283729647,0.8365069882782548,0.8095263758998587,0.21064120054570257,0.8467217128037685,0.7945339574725496,0.8721675751122228,0.9464559518109449,0.9944571721380087,0.8149889120296008,0.765654449890449,0.3784965143728829,0.8756602390935784,8666.2998046875,1
2016-07-28,0.8555930120516956,0.8480227448953225,0.8619915037580972,0.8288934248186431,0.34542974079126876,0.8525591743535266,0.8087207423129259,0.9242776256557289,0.9548364548366708,0.9981927573278325,0.8194914200233674,0.7871046319563044,0.33912495715886004,0.9772774622591398,8638.5,0
2016-07-29,0.841566166066878,0.845773798946757,0.8648179707538786,0.8450626012871582,0.13669849931787176,0.8581545971479887,0.8194843522740545,0.86292901173194,0.9498315285486292,1.0,0.8240179546891335,0.8024698523559755,0.31328368913608373,0.8217723515718678,8636.5498046875,0
2016-08-01,0.8405821631360572,0.866942160441975,0.845345194327793,0.8378418264490594,0.2223738062755798,0.8655220069981899,0.8289422188236975,0.8585151030993515,0.9412453101971986,0.9994193387401515,0.82825598374676,0.8157577281515609,0.29152309902758156,0.6823316894394819,8622.900390625,0
2016-08-02,0.8336951281014634,0.8544843628844666,0.8553571186316198,0.834309005947217,0.17053206002728516,0.8709590156805493,0.8366815902690687,0.8261730061705291,0.9268513870787632,0.9955576630488456,0.8315787256988303,0.8267501080836199,0.27318929655205326,0.6225895861264977,8544.849609375,0
2016-08-03,0.7943133302832691,0.8277332644094083,0.8161720505358456,0.8279908279638811,0.15306957708049113,0.8697488781790694,0.8430921727753473,0.6574699399898859,0.891008215163051,0.9840088836343406,0.8239588037535972,0.844347367699732,0.22035916432343933,0.28096921943930153,8551.099609375,1
2016-08-04,0.7974668699714283,0.8101319179697598,0.8106875256999393,0.8098099484608133,0.15770804911323327,0.8721115275867204,0.8496347051620674,0.6673302693509419,0.8611039639031497,0.9677120811253133,0.8128111486595442,0.8650667402243482,0.1542075287871708,0.30832483661058985,8683.150390625,1
2016-08-05,0.8640952506953187,0.855621708613337,0.8451777207785556,0.8099388908686364,0.13915416098226469,0.8802914920957692,0.8606806453125326,0.8440522888544996,0.8695243096162617,0.9566619464892117,0.8029695031891935,0.8926961024819384,0.07511058822542321,0.8862977356577182,8711.349609375,1
2016-08-08,0.8783236275758322,0.8732488005621607,0.8966491723859509,0.8680400376249916,0.17926330150068215,0.8846537046406304,0.8681514719296857,0.8749818449500341,0.8803597097065471,0.9503791293242247,0.8139972750821922,0.8969041982210237,0.08579551797661905,0.9561191698169856,8678.25,0
2016-08-09,0.8616226784835713,0.8757557064163874,0.8681950421280185,0.8757508943490739,0.2542974079126876,0.8897016842796619,0.8729755391803113,0.8038319043019314,0.8767226950261913,0.94449449443671,0.821063536664326,0.8996661552505483,0.09249684077817028,0.7938550711332032,8575.2998046875,0
2016-08-10,0.8096774741920961,0.8559831553696052,0.8329381175879504,0.8545529639754558,0.18199181446111873,0.8873678476696654,0.8746878908084312,0.6125110555577272,0.8432814894836274,0.9318942419046402,0.8200641247925198,0.9035184194032819,0.08214509510814672,0.3507141111018909,8592.150390625,1
2016-08-11,0.8181797128357192,0.8100026856099775,0.821178012687759,0.7958066014987039,0.22455661664392912,0.8830949435425337,0.8755210660471482,0.6365960103001568,0.8186116310180478,0.9159916433594686,0.82043027452651,0.9046948818460043,0.08020202768679291,0.3471686274489464,8642.5498046875,1
2016-08-16,0.84360956123669,0.8519769522163355,0.8501116412361043,0.8460684528044345,0.3216916780354707,0.8833283159485337,0.8786250798483328,0.7062981474604221,0.8099837813150125,0.9012332836037651,0.822937996100837,0.9081414832271069,0.07711367267756197,0.5903746401734562,8624.0498046875,0
2016-08-17,0.8342750837597387,0.8440937782695793,0.8516203065888677,0.8303631667953154,0.183356070941337,0.8826079960071764,0.8821648609017352,0.6717625499481293,0.7957679404062097,0.8860714787544536,0.8215673147966465,0.9155356204683649,0.058238000721832994,0.5000025315773814,8673.25,1
2016-08-18,0.8590998467330434,0.8562936159214266,0.8714762138440744,0.835030781222258,0.15661664392905866,0.8855094222209647,0.8866053354951573,0.7395683395638707,0.7952731552955967,0.8738252593730305,0.8245118362716619,0.9209925770191107,0.05148654778922873,0.7403444447519402,8666.900390625,0
2016-08-19,0.8558960475061045,0.8593431967239596,0.8724581327821985,0.858472611700768,0.2319236016371078,0.8925426711483704,0.8897063225105315,0.7266772899440966,0.7908162514009074,0.8629763985577084,0.8277253401345179,0.9238559585157855,0.05097159956281966,0.7093267372935534,8629.150390625,0
2016-08-22,0.8368486677896226,0.8532692758141643,0.8566024107770636,0.8443922015027335,0.12387448840381993,0.8970403938821985,0.8933596829522781,0.6503042436651453,0.7749864082059656,0.8505612680448413,0.8232445565852249,0.9339977253146285,0.0203622891746221,0.5249187859691307,8632.599609375,1
2016-08-23,0.8385890275050248,0.8311967926143707,0.8403153742121612,0.8244575037807581,0.21991814461118697,0.8941273750193561,0.8961644944808427,0.6558988423841011,0.7613422366303938,0.8374089677341892,0.8206689981300199,0.9410761094304991,0.0,0.5417681465878668,8650.2998046875,1
2016-08-24,0.8475199504500078,0.8409664561256144,0.8599079082600483,0.8348504633238177,0.1165075034106412,0.8906093436807678,0.8966140470941797,0.685585590741777,0.753341758784791,0.8249989142059805,0.8214299006183152,0.9412496546085798,0.000996140053227429,0.6282332262069469,8592.2001953125,0
2016-08-25,0.8182048426051091,0.8523389037865082,0.8420640226117362,0.8453461738481128,0.2897680763983629,0.885650672459465,0.8966616065900377,0.5640130125062611,0.7297710597019099,0.8095078902866958,0.8213854461201509,0.9413703190072233,0.0006480297493884624,0.34441786362170246,8572.5498046875,0
2016-08-26,0.8082899167293062,0.8212716464202642,0.8247707413417809,0.8172367289426602,0.11077762619372444,0.8854922020723661,0.8953343759961134,0.5259255448840091,0.7044571682647325,0.7911406747596201,0.8223240276781114,0.9382502291467114,0.009266599963780847,0.15991206932598667,8607.4501953125,1
2016-08-29,0.8258994794442184,0.8207804624903082,0.8229505190510515,0.8014543796976151,0.062210095497953644,0.8863738624255886,0.8935284337532705,0.5932810765584514,0.6925191871413245,0.7736293888187817,0.8195620459139299,0.9373117668501436,0.006334526159202103,0.3502275880353145,8744.349609375,1
2016-08-30,0.8949743171293125,0.8872573864370645,0.8701350220405484,0.8339478664690557,0.11814461118690317,0.8922401367730002,0.8967766843871985,0.8004901817629372,0.7182215054977316,0.7656864300904132,0.8323409961255317,0.932604396938352,0.03995747064812896,0.9790245903247093,8786.2001953125,1
2016-08-31,0.9160907145255734,0.9227190488498325,0.923690536949203,0.8892898471705077,0.6965893587994544,0.9015841495622805,0.9013690676665078,0.8501268767085338,0.7479380789545693,0.7663455477658666,0.8508104286601261,0.9256195402115486,0.0889545625977256,0.888118623682153,8774.650390625,0
2016-09-01,0.91026307172997,0.9196432177242189,0.9265170039449844,0.9096884353518782,0.3601637107776262,0.9074274074365674,0.9060258825249585,0.8244561134043776,0.7663126867402557,0.7712094801795343,0.8646063236613655,0.9225752888981482,0.12073679321229036,0.8456341556199348,8809.650390625,1
2016-09-02,0.9279228939836619,0.9252517002132334,0.9304690054644089,0.9111068018379331,0.23083219645293318,0.9156534611668627,0.9141519333496966,0.8673638058151504,0.7879250719979445,0.7802014205426041,0.8794350119866987,0.9248323438483217,0.14264340274875997,0.9565826335624564,8943.0,1
2016-09-06,0.9952066196739979,0.9907725066231592,0.9689112020624506,0.9401707227700458,0.2420190995907231,0.9337392317444548,0.9261783423256089,1.0,0.8378855257337188,0.7991862675561516,0.9171536792229382,0.9152590821658775,0.23230838722545133,0.989705967065181,8917.9501953125,0
2016-09-07,0.9825673311519703,1.0,1.0,1.0,0.49986357435197826,0.9501827291307485,0.9333837408048833,0.9438512836422043,0.8675188681274586,0.8213679862486343,0.9433310563778106,0.9065931943846737,0.2990186673159081,0.8868762629196763,8952.5,1
2016-09-08,1.0,0.9956833362949089,0.9916890081683123,0.972560954878972,0.3009549795361528,0.9675971952879943,0.9407840223349222,0.9759492129936714,0.8966795736513,0.8459956540453433,0.9706122692957146,0.8973688446753396,0.36896981543643226,0.970359897434844,8866.7001953125,0
2016-09-09,0.9567083057090642,0.9847248360364436,0.9738212645562818,0.9822573232110186,0.1882673942701228,0.983415421200192,0.9465670712285554,0.7947327638974783,0.8932511398635399,0.8648886348381903,0.9835051024433641,0.8970594694985374,0.3930517187040611,0.7630394914067447,8715.599609375,0
2016-09-12,0.8804680345637799,0.8853708968725771,0.8975118015054839,0.8784073094227436,0.2117326057298773,0.9916587513540822,0.9508725092193728,0.5526507819319612,0.8470275900532778,0.8690936810216439,0.9827684683584215,0.9052910979275097,0.37347041894454214,0.39793102826113935,8726.599609375,1
2016-09-14,0.8860182644149406,0.8817003949664004,0.892481981389853,0.866905747381172,0.21118690313778987,0.9985248072701003,0.9549984078657108,0.5673547119762196,0.8107502761517568,0.8638958161442716,0.9824272994362095,0.9128808270447735,0.3560294604555202,0.4245106280005002,8742.5498046875,1
2016-09-15,0.8940661962472385,0.8879555440682347,0.8998826281745709,0.8840288961950664,0.10504774897680763,0.998421092453543,0.9580671491233383,0.5894565787649354,0.7839905638346931,0.8534218959595645,0.9836609945117258,0.9173080364225425,0.3484557546807211,0.4630515195614894,8779.849609375,1
2016-09-16,0.9128864225580573,0.9374257923559064,0.9219900722802743,0.9031123725528962,0.43356070941336977,0.9980551361583361,0.9628482420090867,0.6408934304676789,0.770649176245497,0.8418940247360289,0.9858012593206755,0.9240269937775709,0.3374477489438087,0.5531800540114975,8808.400390625,1
2016-09-19,0.9272921860460297,0.9253551870638415,0.9333431883876271,0.9070325239594892,0.06766712141882675,1.0,0.9669956578060406,0.6792717861799077,0.7656547136113933,0.8314929718312907,0.9901491363018593,0.9278157067419439,0.33694040915265433,0.6221680847270475,8775.900390625,0
2016-09-20,0.9108937796676022,0.9212974928922204,0.9262054470070185,0.921293252055964,0.08076398362892223,0.9980551361583361,0.9703405857768548,0.6226024971669745,0.7510814302543596,0.8197326515545034,0.9920032022829748,0.932224345864519,0.3305336293432273,0.4030710114536933,8777.150390625,1
2016-09-21,0.9115244876052335,0.9266732561708455,0.9252473860326127,0.9079864963048685,0.11432469304229198,0.9884979536864105,0.9748823228381429,0.624487849764254,0.7381114831937341,0.8072633248883665,0.9922518456653684,0.9400679637986498,0.3136002657399628,0.3065489533459227,8867.4501953125,1
2016-09-22,0.9570867304716435,0.9610490638730944,0.963809340252455,0.9508210634474716,0.17980900409276945,0.9855878611233289,0.9820892796625866,0.7506124346204678,0.7501391850429944,0.8001265522930765,0.9979119075694198,0.948203321576436,0.3058402161803404,0.6379342145019656,8831.5498046875,0
2016-09-23,0.9389726014066264,0.9568363918325149,0.9554263067264017,0.9546379601915502,0.21555252387448842,0.9786180341157591,0.987651373192036,0.6831525658763345,0.7481782399510553,0.7939543265402542,1.0,0.9563487966253659,0.2915758058588876,0.506185753206385,8723.0498046875,0
2016-09-26,0.8842271524201815,0.9177304778366508,0.9050322059120033,0.9170643440243884,0.1557980900409277,0.9703400948396874,0.9916668091403711,0.5077799975343356,0.7160446725058477,0.7814326203344649,0.9933488646881861,0.9689090686724935,0.2516676617098527,0.1080088029919195,8706.400390625,0
2016-09-27,0.8758264183352704,0.8965106253230815,0.8932482430480935,0.8866339357781188,0.121418826739427,0.9698099843828452,0.9957743372946117,0.4838692626223188,0.684973513257453,0.7640820714475346,0.9828463981654147,0.984785777385146,0.19742009284239204,0.04690822313695098,8745.150390625,1
2016-09-28,0.895378364401858,0.8957609766735599,0.8993081658324957,0.8671893199421276,0.15989085948158255,0.9708789841958154,1.0,0.5454862138503288,0.669766838825823,0.7466126661342456,0.9734087305979209,1.0,0.1465731120022824,0.19546462087844152,8591.25,0
2016-09-29,0.817725406024394,0.9131301087167234,0.8298964611154958,0.9092245448924832,0.7257844474761255,0.9621602428806302,0.9953017691218422,0.34494025169369025,0.6161203465305745,0.71997589575365,0.9847634988289942,0.9823788462287029,0.20623370728877832,0.071646448258752,8611.150390625,1
2016-09-30,0.8277664734877234,0.8286121454187131,0.8284355116901683,0.8002938980272062,0.20409276944065485,0.9524388499720722,0.9899299435440012,0.37726299757400106,0.5790169092618795,0.6899096021319915,0.9904805881257026,0.9681800270875192,0.24807853882283765,0.15258354205862612,8738.099609375,1
2016-10-03,0.8918207774411533,0.8844662703540971,0.8666620510083263,0.8439539987886472,0.0829467939972715,0.9483877256018847,0.9888082946397976,0.5593535394392398,0.5836598798308477,0.6669523666174901,0.9899367165574384,0.9666379470154718,0.25050945390535123,0.5380753718972108,8769.150390625,1
2016-10-04,0.9074879568043901,0.9043423082514863,0.9150918461432669,0.8975164735258829,0.21118690313778987,0.9479987528335521,0.9875654544304586,0.5981753525107388,0.595549031267432,0.6513925673055407,0.988338204439037,0.965744619826661,0.24958865333908226,0.632363644009796,8743.9501953125,0
2016-10-05,0.8947727862336166,0.9163866632204707,0.9128407770959805,0.9162644981508601,0.13724420190995906,0.9460855718143089,0.9814571309507869,0.5627940038904299,0.5980762538520523,0.6395411841348555,0.9716677185568985,0.9685706039287396,0.21307376282854934,0.5558411612489059,8709.5498046875,0
2016-10-06,0.8774155066937572,0.9030499846536575,0.89044610181924,0.8968460737414583,0.1547066848567531,0.9369864678050899,0.9750618621826197,0.5148899675494396,0.5908022479133477,0.6283433208151445,0.9565793541886469,0.9695928124706015,0.1834277789372718,0.45138152250699093,8697.599609375,0
2016-10-07,0.8713858402618816,0.8733522874127687,0.8804580354791307,0.8726049010707005,0.11869031377899047,0.9292675080585093,0.9672396287296579,0.4981067174820515,0.5818802711002837,0.6172793315467928,0.9316835830608428,0.9761164617434179,0.12379123793321062,0.4150937634856767,8708.7998046875,1
2016-10-10,0.8770370819311779,0.884776226092014,0.899691296661616,0.8796448543290776,0.004092769440654842,0.928446343325362,0.9623940742965935,0.5159117368184379,0.5779024997694708,0.6074893361262326,0.9191915403158584,0.9777587735378255,0.09748231969940852,0.44910408531418466,8573.349609375,0
2016-10-13,0.8086934712612753,0.8515635096278115,0.8218006587604805,0.8467131648435505,0.28758526603001366,0.9207792128495633,0.9580287898576181,0.33847708579552616,0.5389888313396153,0.5904732251770594,0.9271018071639663,0.9635477190229631,0.14333415767540963,0.07603329224862865,8583.400390625,1
2016-10-14,0.8137647572722965,0.8117084517963303,0.8258485599379881,0.8067410184183651,0.15252387448840382,0.9114582728084031,0.9536343763512374,0.3557019368319778,0.5116975510045205,0.570419251404692,0.9314750141043522,0.9521810088771367,0.17646321264335568,0.10825965915687785,8520.400390625,0
2016-10-17,0.7819770772156512,0.8173689301176016,0.804939159853503,0.8165149536676183,0.24693042291950884,0.9073755218907902,0.9468171856283227,0.28388886375784417,0.47446840125088763,0.5455895253438743,0.9392359052860453,0.9337478898174005,0.231401753249327,0.030913541288416613,8677.900390625,1
2016-10-18,0.8614462773572643,0.8533985081739467,0.8287709265918526,0.787167460174551,0.2993178717598909,0.9112220303776368,0.9436886278907126,0.5248381299041688,0.4882987179673134,0.5289898729873179,0.9344726563524608,0.9321045063235136,0.226400429969283,0.5689768009127698,8659.099609375,0
2016-10-19,0.8519600357828204,0.8604547969436548,0.8674764963972139,0.8601231752571613,0.1778990450204639,0.9066696083482606,0.939106973218534,0.5011675674433627,0.49526454150741217,0.5173541729675417,0.926204884221355,0.9307557964083291,0.21438644883929225,0.5047979213194024,8699.400390625,1
2016-10-20,0.8722944538845329,0.8750580535991217,0.8874039775435749,0.8579825298147837,0.14761255115961802,0.9026502230754891,0.9367593861564485,0.5557958729808948,0.5124317257106622,0.5120972840909916,0.9213647769227657,0.9305590890802078,0.20603924494741882,0.6423698101132465,8693.0498046875,0
2016-10-21,0.8690901619170167,0.8658048147131047,0.8748294272544959,0.8658480166919976,0.13751705320600272,0.8997170577642848,0.9341785567778791,0.5468155178050044,0.525035552477311,0.510866434445597,0.9158906294886453,0.9304682338895578,0.19630685870983533,0.6206912700137417,8708.9501953125,1
2016-10-24,0.8771129639799247,0.8802016024812618,0.8902065865756388,0.8664927287311136,0.1369713506139154,0.8996825049170978,0.9293146018845402,0.5699441351472886,0.5398158426809195,0.513370088898648,0.8972316659711588,0.9371270892799268,0.14768837932370465,0.6749692939873138,8691.2998046875,0
2016-10-25,0.8682071708043325,0.8728096124644614,0.8802905619298942,0.8726049010707005,0.22619372442019103,0.8993194749216533,0.9250106922707166,0.5420576742497931,0.5472436526955837,0.5171260689383826,0.8817583354071594,0.942170024161757,0.10843228532388122,0.6147174204276563,8615.25,0
2016-10-26,0.8298349984269252,0.8390279707288711,0.8482670931784471,0.8393891353429382,0.30668485675306956,0.8939286117355367,0.9217025951886297,0.43027833763380263,0.5333534513051862,0.5168525909426981,0.8788036521567264,0.9387277699490815,0.11069991846096111,0.3551116522823472,8615.25,0
2016-10-27,0.8298349984269252,0.8222535094662707,0.8260642172178718,0.8134973991157873,0.3708049113233288,0.8963431466889631,0.9189054255450317,0.4302783376338025,0.5230687265431175,0.51420648429772,0.8766086411722682,0.9355688140182945,0.11371820279307726,0.3900516727266904,8638.0,1
2016-10-28,0.8413138828918251,0.837192972182735,0.8411536775647663,0.8227298769884398,0.18717598908594818,0.8994894816828127,0.9156172573002141,0.4716497501645761,0.5217536029056966,0.5117792132817167,0.8701390795636694,0.9350396654565207,0.10315090278282307,0.5476182450132179,8626.25,0
2016-11-01,0.8353852282780859,0.8453861018674081,0.8568419260206648,0.8372489935818413,0.15852660300136429,0.9055891284362252,0.9166913167403834,0.4527445973285339,0.5183401867910992,0.5090317873839241,0.8693043867025798,0.9376261201016574,0.09590360332319459,0.4972733685190299,8514.0,0
2016-11-02,0.7787476554787452,0.7833030781532696,0.8043160459775711,0.7803335125599221,0.1320600272851296,0.8961442708551557,0.9137100226213279,0.29523890375943707,0.4866943213171697,0.4993650248542655,0.8757306399806692,0.9270822947988266,0.13093441550853968,0.023167688979537138,8484.9501953125,0
2016-11-03,0.7640901015562963,0.777177666225123,0.7905682452374121,0.758181106159645,0.17353342428376534,0.886108807197167,0.9059415221085505,0.26062314817259946,0.4553334712879443,0.4842300602446465,0.876785263125134,0.9124543497735145,0.16526953447719173,0.01733264933447143,8433.75,0
2016-11-04,0.7382562058827801,0.7597827886727843,0.7542096441374202,0.760115242276992,0.3216916780354707,0.8708005452934513,0.8956489519431976,0.2029891323122035,0.4186845858849495,0.4634724911905029,0.8757587470054293,0.8950581039533292,0.20196373034455667,0.0848495074729686,8497.0498046875,1
2016-11-07,0.7701951572963425,0.7762467893835615,0.7931070132589468,0.7766974373955654,0.17980900409276945,0.8595059286129745,0.8880722177908442,0.3319638086406972,0.4086469790753635,0.44449743464002833,0.868148036743114,0.8878646499014229,0.2040963694646733,0.27789194216545576,8543.5498046875,1
2016-11-08,0.7936574925762471,0.7884208815262345,0.7924600414192966,0.7788894583285594,0.2422919508867667,0.8499746326389408,0.8829781073031828,0.4175749412132911,0.4151219596931581,0.4308455661691093,0.8608926695333379,0.8847790513041218,0.1977692009215381,0.41970080330674875,8432.0,0
2016-11-09,0.7373732147700959,0.7454122512277078,0.5635555102306222,0.5351883075427535,0.565893587994543,0.8350323270304312,0.8748275425101948,0.2820504837169244,0.39258520582608764,0.4146051143557985,0.8597409897270385,0.8712805559500234,0.22559730516461424,0.583305754191243,8525.75,1
2016-11-10,0.7846763100924844,0.8086068751615406,0.8071186550096341,0.7869352631042136,0.426193724420191,0.8298748362503154,0.8692102176317427,0.4364916527780175,0.4019692938506516,0.40382751556904134,0.850065536545836,0.8692493469232989,0.21254153975563594,0.714330976660388,8296.2998046875,0
2016-11-11,0.6689034625126667,0.7373478490889126,0.6989775225235553,0.7359002610328237,0.43656207366985,0.8114951413716529,0.8607082759711222,0.21782952748244566,0.3506240374525978,0.38308731099129534,0.8683275527229783,0.8392333710966131,0.31220833565145756,0.3936508392053578,8108.4501953125,0
2016-11-15,0.5741208707415819,0.6484102400491086,0.607123426602378,0.6472906354317115,0.6884038199181447,0.7809795186310051,0.8461332833743853,0.09813791720381493,0.26330598044098974,0.34588698891811237,0.9057657695000714,0.7827565196335335,0.5053213559729245,0.13405799895156112,8111.60009765625,1
2016-11-16,0.5757102054703565,0.6078312790772811,0.6053029704100434,0.6064420835783533,0.4436562073669851,0.7513225116329565,0.8335882601227516,0.10273688532566305,0.19940433690126036,0.30104514060284704,0.9296322073165362,0.7409882817119451,0.6412059881788601,0.15093786860355496,8079.9501953125,0
2016-11-17,0.5597407297635757,0.5774359290191267,0.5913631364521148,0.5545812960474874,0.23028649386084588,0.7263101332442767,0.8152387157791336,0.08405270518988495,0.1453569322104143,0.25241579545874104,0.938468256122623,0.7012414906823148,0.7453351339394756,0.1022396866075892,8074.10009765625,0
2016-11-18,0.556788967341401,0.5659085034892735,0.5856147706056789,0.550687084226843,0.14815825375170533,0.7026346517842565,0.7972865944061001,0.08048167311452425,0.1064816456118749,0.20433726332510388,0.9412388161476217,0.6671649652926401,0.8258898765238867,0.09323842280386385,7929.10009765625,0
2016-11-21,0.48362684657610555,0.5522098733522876,0.5224306961239229,0.5530339871536094,0.30532060027285135,0.673553900739293,0.773648071508144,0.0,0.043068724069781905,0.15090819149261714,0.9464887828883128,0.6209830870865503,0.9377741815325449,0.0,8002.2998046875,1
2016-11-22,0.5205609555816546,0.5090977562031538,0.5328496092205883,0.4947777065628409,0.2818553888130969,0.6450436374603843,0.7524507412710832,0.11586803868133644,0.018965636210380055,0.10247630249037581,0.9360662812201532,0.5919583735277163,0.9831910850633605,0.1120074323850837,8033.2998046875,1
2016-11-23,0.5362025124349243,0.5277849573533213,0.5495918183089756,0.526781363288938,0.20218281036834929,0.6156401774541944,0.7317167789766525,0.16310228286308903,0.014754754585617702,0.06273697032482184,0.9151518824513571,0.5723448762681871,0.9887096955647765,0.15867756970050917,7965.5,0
2016-11-24,0.5019930124458878,0.5120960983942877,0.5397476014559905,0.5064598383434935,0.4190995907230559,0.5887578372427527,0.7094438609224287,0.11814118003898688,0.0,0.027463197149655616,0.8941625632121459,0.5500659492337645,1.0,0.05660575696745607,8114.2998046875,1
2016-11-25,0.5770723867934688,0.562444975284311,0.5513402328069454,0.5044743267355283,0.19372442019099595,0.5650477747980478,0.6940709955987083,0.3259267594558555,0.034540399226639096,0.007396146749934385,0.8706763885645525,0.5420570468045991,0.975131307092366,0.28062212204081416,8126.89990234375,1
2016-11-28,0.5834299720788556,0.5749805141832514,0.5943332190334156,0.5419706278261243,0.22592087312414733,0.5552860045802781,0.6790847946702678,0.34188556955288585,0.07122274133762285,0.0,0.8434139892375754,0.5378250201703318,0.9350389670945511,0.2995914216474257,8142.14990234375,1
2016-11-29,0.591124608917964,0.6012661742375289,0.6241290088980849,0.5682232516907948,0.22592087312414733,0.5572279702596781,0.663868438147504,0.3620653506154229,0.10986730075413098,0.0032036841048741493,0.8089519068626236,0.5390799133830884,0.869720405462834,0.322550118230014,8224.5,1
2016-11-30,0.632675697123208,0.6203410724670462,0.6291826869774346,0.5891635490894076,0.38499317871759897,0.5637338943425148,0.6515397701449865,0.4671144825029466,0.16738692842248937,0.019341986124082,0.7728027412147185,0.5468325986606235,0.7869386639730007,0.4465272267963326,8192.900390625,0
2016-12-01,0.616731597556105,0.6288961537218921,0.6511221897306902,0.6262216474659165,0.13860845839017738,0.5702427165876145,0.6416860539540146,0.43420735358844376,0.20884834515211692,0.042038042957682986,0.7483817185819728,0.5493681035659934,0.7370029435217635,0.5043988040742432,8086.7998046875,0
2016-12-02,0.5631968121655675,0.5815971100413548,0.5960336837023443,0.5795701835792346,0.17626193724420192,0.5709745447655346,0.6294678486495009,0.33256296209297265,0.2175170789459095,0.062240818503165984,0.7241205403348667,0.5475832595423435,0.6969328944576361,0.4528456354646486,8128.75,1
2016-12-05,0.5843634691006081,0.5726025882818557,0.5897106216122276,0.5461484122077234,0.0534788540245566,0.5824794892413889,0.620108187813738,0.38837740363803475,0.23962067616019506,0.08361976556442524,0.7037346269679698,0.5476904149576445,0.6597017413283907,0.634734946084432,8143.14990234375,1
2016-12-06,0.5916291752680689,0.5916257430860685,0.6251588776652501,0.5793639260948458,0.022919508867667138,0.5905960599680986,0.6092479154998118,0.40772184961131164,0.26469884457978604,0.10664168601159729,0.6717192011931221,0.5546603643892212,0.5861562163168692,0.6789517339048876,8102.0498046875,0
2016-12-07,0.5708914490046759,0.5976996639958647,0.5996025543926486,0.5872294129720597,0.17162346521145977,0.5945578196455621,0.5956994228473862,0.36519036671998095,0.2771170498179215,0.12799007481253127,0.6240799616053563,0.5696591859104077,0.4664634989635219,0.5527484962659059,8246.849609375,1
2016-12-08,0.6439525579518347,0.6317135201279401,0.6351705680674722,0.5788224687182442,0.0971350613915416,0.6107707583756259,0.590017636421619,0.5495602603995077,0.32872897946280394,0.1572498496380237,0.5990601136557059,0.5800769346569332,0.39797093068064193,0.9811026508589389,8261.75,1
2016-12-09,0.651470793664637,0.641380201602482,0.6783792115738256,0.6405085669889806,0.11678035470668485,0.6192676636588716,0.5819161595014828,0.566480096798713,0.37604333644620275,0.1918244521456564,0.5470572669087508,0.608299640569582,0.24105034395756592,0.96926082068645,8170.7998046875,0
2016-12-12,0.6055803855744284,0.6184803284117348,0.6364640439435623,0.6193363243606711,0.0032742155525238847,0.6217974216654181,0.5780648892231603,0.4629132362352598,0.3914064339470096,0.22311001816493947,0.5317573594336977,0.6140025866093248,0.20064610866691962,0.6777944399013088,8221.7998046875,1
2016-12-13,0.6313132694298079,0.6175494515701734,0.6371105479800026,0.6015422720810724,0.21036834924965897,0.6263872947042444,0.5815432954514108,0.5247890677513712,0.41917099579915995,0.25469125637714446,0.5399047466851785,0.6134950906374588,0.21655571981555227,0.8402252466868299,8182.4501953125,0
2016-12-14,0.6114587806493879,0.6178341666128204,0.6415656718519536,0.6186654208949658,0.10286493860845841,0.6239641496765191,0.5837175016292573,0.479962020147208,0.4323973491843138,0.2830778325053766,0.5437165256208374,0.614226536679185,0.22185165655517392,0.690991554547886,8153.60009765625,0
2016-12-15,0.5969019921747869,0.6160249135758595,0.6208955531094644,0.566598627720351,0.2043656207366985,0.6216994468983934,0.585977626568682,0.4473622775347197,0.43686447709895093,0.3068413917152957,0.545800952959631,0.6165244797530276,0.22054104570492883,0.4381866766472261,8139.4501953125,0
2016-12-16,0.5897624275948516,0.5916257430860685,0.6235302207890809,0.5922841064631121,0.2622100954979536,0.6247334570013878,0.5879830519773597,0.4310434451568126,0.43831286046161716,0.3261940757525203,0.5469842321078895,0.6191089502332403,0.21696009214122042,0.37156871085469934,8104.35009765625,0
2016-12-19,0.5720520994320915,0.5677435020354096,0.607913780125942,0.5653608309733771,0.0013642564802182622,0.6233273981033589,0.5933610210313516,0.3902077095632165,0.4318288888023357,0.3401459242140961,0.5362072037251764,0.6374614630781652,0.15672692075976807,0.20631689157191568,8082.39990234375,0
2016-12-20,0.5609767694991608,0.5634013452280955,0.5925368547064043,0.5574180290195974,0.05757162346521144,0.6198266431883637,0.5958190857755286,0.36476149373292177,0.4226880556492233,0.3491500515250818,0.531759725076089,0.6454580987420941,0.13093250919417299,0.10297502214104337,8061.2998046875,0
2016-12-21,0.5503303702378777,0.5574306587619542,0.5879860650779758,0.5549681232709565,0.04583901773533422,0.6174784001795395,0.596678333327664,0.3399828562929881,0.4117950375270082,0.35378246425059867,0.5301344900098224,0.6483111966980326,0.12165965115001037,0.01996932336758872,7979.10009765625,0
2016-12-22,0.5088551640813803,0.5232618247609204,0.5456877666185922,0.5229904061308088,0.04283765347885404,0.602049175173172,0.5970956851355194,0.2505009890013711,0.38346507365803517,0.35080216705525075,0.5282863858557452,0.650563803081071,0.11331328734007329,0.029555117763684913,7985.75,1
2016-12-23,0.5122104810355241,0.5109330071562421,0.5347177813403592,0.4861901925699461,0.046930422919508885,0.5861445108680101,0.5931508242424739,0.2629733416580706,0.36533716016071394,0.344139513976884,0.5349562474168348,0.638113246102006,0.1530122412934184,0.11747774352129614,7908.25,0
2016-12-26,0.4731065889023489,0.48376821368570666,0.5116045603328141,0.4823735476665074,0.0,0.571014922074748,0.5864410244794893,0.18495239830383803,0.33311344874819687,0.33120419080191676,0.5478546403077367,0.6156640931132715,0.22617476345122633,0.02161494479585846,8032.85009765625,1
2016-12-27,0.5359756053995499,0.5223312003263121,0.5163471492774079,0.45655912651592323,0.032469304229195084,0.5601265827236945,0.5830868962785383,0.39871684246071637,0.343759487408883,0.3233685311295487,0.547082411676663,0.6103534019559111,0.23654402345390213,0.3572874719126006,8034.85009765625,1
2016-12-28,0.5369847380997606,0.5512275054923756,0.5760821106906602,0.5248986026622073,0.05402455661664396,0.5516210392286522,0.5772670314802655,0.40181897631298535,0.35538882577319986,0.3198446733422801,0.5388507007190286,0.6067812670695094,0.2295234730640197,0.3626754697301112,8103.60009765625,1
2016-12-29,0.571673674669513,0.5566812625193849,0.5724414322075959,0.51615645851618,0.19536152796725786,0.5487397594632242,0.574526636546751,0.5058430205835611,0.38534138185256794,0.32409476663412495,0.5332597615235208,0.6065033114345857,0.21999383741558576,0.6222185583194297,8185.7998046875,1
